country,life_expectancy,income,population,english_spoken,capital,literacy_rate,visitors_per_year,continent
United States,78.9,"$65,000 ",331002651,yes,Washington D.C.,99,80000000,North America
Canada,82.3,"$48,000 ",37742154,yes,Ottawa,99,150000000,North America
Mexico,75,,128932753,no,Mexico City,95,45000000,North America
Brazil,75.5,"$9,000 ",212559417,no,Brasilia,93,6000000,South America
Argentina,,"$10,500 ",45195774,no,Buenos Aires,98,7000000,South America
United Kingdom,81.2,"$42,000 ",67886011,yes,London,99,40000000,Europe
Germany,81,"$46,000 ",83783942,no,Berlin,99,39000000,Europe
France,82.5,,65273511,no,Paris,99,89000000,Europe
Italy,83.4,"$34,000 ",60461826,no,Rome,99,58000000,Europe
Spain,,"$30,000 ",46754778,no,Madrid,98,83000000,Europe
China,76.9,"$10,500 ",1439323776,no,Beijing,150,60000000,Asia
India,69.7,,1380004385,yes,New Delhi,74,10000000,Asia
Japan,84.6,"$41,000 ",126476461,no,Tokyo,99,32000000,Asia
South Korea,,"$31,000 ",51269185,no,Seoul,97,17500000,Asia
Australia,82.8,"$54,000 ",25499884,yes,Canberra,99,9000000,Oceania
New Zealand,81.5,"$42,000 ",4822233,yes,Wellington,99,3800000,Oceania
South Africa,64.1,,59308690,yes,Pretoria,87,11000000,Africa
Nigeria,54.3,"$2,400 ",206139589,yes,Abuja,62,5000000,Africa
Egypt,,"$3,000 ",102334404,no,Cairo,71,12000000,Africa
Turkey,78.5,"$9,000 ",84339067,no,Ankara,96,45000000,Asia
Saudi Arabia,75,"$23,000 ",34813871,no,Riyadh,95,20000000,Asia
Pakistan,67.3,"$1,500 ",220892340,yes,Islamabad,58,1000000,Asia
Indonesia,,"$4,000 ",273523615,no,Jakarta,95,16000000,Asia
Malaysia,75.2,"$11,000 ",32365999,yes,Kuala Lumpur,94,26000000,Asia
Singapore,83.1,"$65,000 ",5850342,yes,Singapore,97,35000000,Asia
Thailand,76.9,,69799978,no,Bangkok,93,40000000,Asia
Vietnam,73.5,"$2,700 ",97338579,no,Hanoi,95,18000000,Asia
Philippines,,"$3,300 ",109581078,yes,Manila,96,8000000,Asia
Colombia,74.2,"$6,000 ",50882891,no,Bogotá,95,4000000,South America
Peru,76,"$7,100 ",32971846,no,Lima,94,4500000,South America
Chile,80,,"$19,116,209 ",no,Santiago,96,4300000,South America
Venezuela,72,"$8,000 ",28435943,no,Caracas,96,2000000,South America
Kenya,,"$1,700 ",53771296,yes,Nairobi,78,2000000,Africa
Ethiopia,67.8,$850 ,114963588,no,Addis Ababa,51,500000,Africa
Uganda,63.4,$800 ,45741007,yes,Kampala,76,1000000,Africa
Ghana,64.1,,31072940,yes,Accra,79,1500000,Africa
Morocco,76.7,"$3,200 ",36910560,no,Rabat,73,13000000,Africa
Algeria,,"$4,300 ",43851044,no,Algiers,80,7000000,Africa
Sudan,65.8,$700 ,43849260,no,Khartoum,75,500000,Africa
Ukraine,72,"$3,700 ",43733762,no,Kyiv,99,14000000,Europe
Poland,78.5,,37846611,no,Warsaw,99,21000000,Europe
Netherlands,81.5,"$53,000 ",17134872,yes,Amsterdam,99,18000000,Europe
Belgium,,"$46,000 ",11589623,yes,Brussels,99,12000000,Europe
Switzerland,83.4,"$83,000 ",8654622,yes,Bern,99,11000000,Europe
Austria,81.1,"$51,000 ",9006398,yes,Vienna,98,13000000,Europe
Sweden,82.4,,10099265,yes,Stockholm,99,8000000,Europe
Norway,82.5,"$75,000 ",5421241,yes,Oslo,99,5000000,Europe
Denmark,,"$61,000 ",5792202,yes,Copenhagen,99,8000000,Europe
Finland,81.8,"$49,000 ",5540718,yes,Helsinki,100,4000000,Europe
Greece,81,"$20,000 ",10423054,yes,Athens,97,33000000,Europe
Portugal,81,,10196709,yes,Lisbon,95,23000000,Europe
Czech Republic,79.2,"$22,000 ",10708981,yes,Prague,99,8000000,Europe
Hungary,,"$15,000 ",9660351,no,Budapest,99,15000000,Europe
Romania,75,"$12,000 ",19237691,yes,Bucharest,98,6000000,Europe
Bulgaria,74.8,"$9,000 ",6948445,no,Sofia,98,4000000,Europe
Serbia,75.6,,8737371,yes,Belgrade,98,5000000,Europe
Croatia,78.3,"$14,000 ",4105267,yes,Zagreb,99,18000000,Europe
Slovakia,,"$19,000 ",5456362,yes,Bratislava,99,4500000,Europe
Slovenia,81,"$25,000 ",2078938,yes,Ljubljana,99,2500000,Europe
Ireland,82.1,"$79,000 ",4937786,yes,Dublin,99,11000000,Europe
Iceland,82.9,"$65,000 ",341243,yes,Reykjavik,99,2500000,Europe
Israel,82.8,"$43,000 ",9216900,yes,Jerusalem,97,4000000,Asia
Jordan,,"$4,200 ",10203140,yes,Amman,98,5800000,Asia
Lebanon,78,"$8,200 ",6825445,yes,Beirut,93,1500000,Asia
Qatar,80.2,"$250,000 ",2881060,yes,Doha,97,2500000,Asia
United Arab Emirates,79.5,"$43,000 ",9890402,yes,Abu Dhabi,93,16000000,Asia
Kuwait,75,"$31,000 ",4270571,yes,Kuwait City,96,3000000,Asia
Oman,,"$19,000 ",5106626,yes,Muscat,93,2500000,Asia
Bahrain,79.1,"$25,000 ",1701575,yes,Manama,95,3000000,Asia
Costa Rica,80,"$12,000 ",5094114,no,San José,97,3000000,North America
Panama,78.5,"$15,000 ",4314768,no,Panama City,94,2000000,North America
Dominican Republic,,"$8,000 ",10847904,no,Santo Domingo,93,7000000,North America
Honduras,73.1,"$2,500 ",9904607,no,Tegucigalpa,88,800000,North America
Guatemala,74.5,"$4,500 ",17915568,no,Guatemala City,81,1500000,North America
El Salvador,73.2,"$4,000 ",6486205,no,San Salvador,88,500000,North America
Nicaragua,75,"$2,000 ",6624554,no,Managua,82,1000000,North America
Bolivia,,"$3,500 ",11673029,no,Sucre,92,1500000,South America
Paraguay,74,"$5,200 ",7132530,no,Asunción,94,500000,South America
Uruguay,77,"$18,000 ",3473730,yes,Montevideo,98,4000000,South America
Moldova,70,"$2,500 ",4033963,no,Chisinau,99,500000,Europe
Belarus,74.4,"$6,000 ",9449323,no,Minsk,99,3000000,Europe
Estonia,,"$23,000 ",1326535,yes,Tallinn,99,2000000,Europe
Latvia,75,"$17,000 ",1886198,yes,Riga,99,1500000,Europe
Lithuania,74.5,"$19,000 ",2722289,yes,Vilnius,99,1000000,Europe
Cyprus,82,"$28,000 ",1207359,yes,Nicosia,98,4000000,Europe
Malta,82.3,"$25,000 ",441543,yes,Valletta,93,2500000,Europe
Afghanistan,25,$500 ,38928346,no,Kabul,37,200000,Asia
Nepal,70,"$1,000 ",29136808,yes,Kathmandu,67,1500000,Asia
Bhutan,72,"$3,500 ",771608,yes,Thimphu,64,500000,Asia
Sri Lanka,77,"$4,000 ",21413249,yes,Sri Jayawardenepura Kotte,92,2000000,Asia
Bangladesh,72.6,"$1,900 ",164689383,yes,Dhaka,74,1000000,Asia
Myanmar,67,"$1,300 ",54409800,no,Naypyidaw,75,1500000,Asia
Cambodia,69,"$1,600 ",16718971,no,Phnom Penh,78,6000000,Asia
Laos,67,"$2,500 ",7275556,no,Vientiane,84,3600000,Asia
Fiji,67,"$5,000 ",896444,yes,Suva,99,500000,Oceania
Papua New Guinea,64,"$2,500 ",100000000,yes,Port Moresby,64,1000000,Oceania
United Arab Emirates,79.5,"$43,000 ",9890402,yes,Abu Dhabi,93,16000000,Asia
Brazil,75.5,"$9,000 ",212559417,no,Brasilia,93,6000000,South America
Japan,84.6,"$41,000 ",126476461,no,Tokyo,99,32000000,Asia
